﻿{
  "background": {
    "fill": "#ffffff"
  },
  "defaultColor": "#1890FF",
  "plotCfg": {
    "padding": [
      20,
      20,
      95,
      80
    ]
  },
  "fontFamily": "\"-apple-system\", BlinkMacSystemFont, \"Segoe UI\", Roboto,\"Helvetica Neue\", Helvetica, \"PingFang SC\", \"Hiragino Sans GB\", \"Microsoft YaHei\",SimSun, \"sans-serif\"",
  "defaultLegendPosition": "bottom",
  "colors": [
    "#1890FF",
    "#2FC25B",
    "#FACC14",
    "#223273",
    "#8543E0",
    "#13C2C2",
    "#3436C7",
    "#F04864"
  ],
  "colors_16": [
    "#1890FF",
    "#41D9C7",
    "#2FC25B",
    "#FACC14",
    "#E6965C",
    "#223273",
    "#7564CC",
    "#8543E0",
    "#5C8EE6",
    "#13C2C2",
    "#5CA3E6",
    "#3436C7",
    "#B381E6",
    "#F04864",
    "#D598D9"
  ],
  "colors_24": [
    "#1890FF",
    "#66B5FF",
    "#41D9C7",
    "#2FC25B",
    "#6EDB8F",
    "#9AE65C",
    "#FACC14",
    "#E6965C",
    "#57AD71",
    "#223273",
    "#738AE6",
    "#7564CC",
    "#8543E0",
    "#A877ED",
    "#5C8EE6",
    "#13C2C2",
    "#70E0E0",
    "#5CA3E6",
    "#3436C7",
    "#8082FF",
    "#DD81E6",
    "#F04864",
    "#FA7D92",
    "#D598D9"
  ],
  "colors_pie": [
    "#1890FF",
    "#13C2C2",
    "#2FC25B",
    "#FACC14",
    "#F04864",
    "#8543E0",
    "#3436C7",
    "#223273"
  ],
  "colors_pie_16": [
    "#1890FF",
    "#73C9E6",
    "#13C2C2",
    "#6CD9B3",
    "#2FC25B",
    "#9DD96C",
    "#FACC14",
    "#E6965C",
    "#F04864",
    "#D66BCA",
    "#8543E0",
    "#8E77ED",
    "#3436C7",
    "#737EE6",
    "#223273",
    "#7EA2E6"
  ],
  "shapes": {
    "point": [
      "hollowCircle",
      "hollowSquare",
      "hollowDiamond",
      "hollowBowtie",
      "hollowTriangle",
      "hollowHexagon",
      "cross",
      "tick",
      "plus",
      "hyphen",
      "line"
    ],
    "line": [
      "line",
      "dash",
      "dot"
    ],
    "area": [
      "area"
    ]
  },
  "sizes": [
    1,
    10
  ],
  "opacities": [
    0.1,
    0.9
  ],
  "axis": {
    "top": {
      "position": "top",
      "title": null,
      "label": {
        "offset": 14,
        "textStyle": {
          "fill": "#545454",
          "fontSize": 12,
          "lineHeight": 20,
          "textBaseline": "middle",
          "fontFamily": "\"-apple-system\", BlinkMacSystemFont, \"Segoe UI\", Roboto,\"Helvetica Neue\", Helvetica, \"PingFang SC\", \"Hiragino Sans GB\", \"Microsoft YaHei\",SimSun, \"sans-serif\""
        },
        "autoRotate": true
      },
      "line": {
        "lineWidth": 1,
        "stroke": "#BFBFBF"
      },
      "tickLine": {
        "lineWidth": 1,
        "stroke": "#BFBFBF",
        "length": 4,
        "alignWithLabel": true
      },
      "grid": {
        "zIndex": -1,
        "lineStyle": {
          "stroke": "#E9E9E9",
          "lineWidth": 1
        },
        "hideFirstLine": true
      }
    },
    "bottom": {
      "position": "bottom",
      "title": null,
      "label": {
        "offset": 22,
        "autoRotate": true,
        "textStyle": {
          "fill": "#545454",
          "fontSize": 12,
          "lineHeight": 20,
          "textBaseline": "middle",
          "fontFamily": "\"-apple-system\", BlinkMacSystemFont, \"Segoe UI\", Roboto,\"Helvetica Neue\", Helvetica, \"PingFang SC\", \"Hiragino Sans GB\", \"Microsoft YaHei\",SimSun, \"sans-serif\""
        }
      },
      "line": {
        "lineWidth": 1,
        "stroke": "#BFBFBF"
      },
      "tickLine": {
        "lineWidth": 1,
        "stroke": "#BFBFBF",
        "length": 4,
        "alignWithLabel": true
      },
      "grid": {
        "zIndex": -1,
        "lineStyle": {
          "stroke": "#E9E9E9",
          "lineWidth": 1
        },
        "hideFirstLine": true
      }
    },
    "left": {
      "position": "left",
      "title": null,
      "label": {
        "offset": 12,
        "autoRotate": true,
        "textStyle": {
          "fill": "#545454",
          "fontSize": 12,
          "lineHeight": 20,
          "textBaseline": "middle",
          "fontFamily": "\"-apple-system\", BlinkMacSystemFont, \"Segoe UI\", Roboto,\"Helvetica Neue\", Helvetica, \"PingFang SC\", \"Hiragino Sans GB\", \"Microsoft YaHei\",SimSun, \"sans-serif\""
        }
      },
      "line": {
        "lineWidth": 1,
        "stroke": "#BFBFBF"
      },
      "tickLine": {
        "lineWidth": 1,
        "stroke": "#BFBFBF",
        "length": 4,
        "alignWithLabel": true
      },
      "grid": {
        "zIndex": -1,
        "lineStyle": {
          "stroke": "#E9E9E9",
          "lineWidth": 1
        },
        "hideFirstLine": true
      }
    },
    "right": {
      "position": "right",
      "title": null,
      "label": {
        "offset": 12,
        "autoRotate": true,
        "textStyle": {
          "fill": "#545454",
          "fontSize": 12,
          "lineHeight": 20,
          "textBaseline": "middle",
          "fontFamily": "\"-apple-system\", BlinkMacSystemFont, \"Segoe UI\", Roboto,\"Helvetica Neue\", Helvetica, \"PingFang SC\", \"Hiragino Sans GB\", \"Microsoft YaHei\",SimSun, \"sans-serif\""
        }
      },
      "line": {
        "lineWidth": 1,
        "stroke": "#BFBFBF"
      },
      "tickLine": {
        "lineWidth": 1,
        "stroke": "#BFBFBF",
        "length": 4,
        "alignWithLabel": true
      },
      "grid": {
        "lineStyle": {
          "stroke": "#E9E9E9",
          "lineWidth": 1
        },
        "hideFirstLine": true
      }
    },
    "circle": {
      "zIndex": 1,
      "title": null,
      "label": {
        "offset": 12,
        "textStyle": {
          "fill": "#545454",
          "fontSize": 12,
          "lineHeight": 20,
          "fontFamily": "\"-apple-system\", BlinkMacSystemFont, \"Segoe UI\", Roboto,\"Helvetica Neue\", Helvetica, \"PingFang SC\", \"Hiragino Sans GB\", \"Microsoft YaHei\",SimSun, \"sans-serif\""
        }
      },
      "line": {
        "lineWidth": 1,
        "stroke": "#BFBFBF"
      },
      "tickLine": {
        "lineWidth": 1,
        "stroke": "#BFBFBF",
        "length": 4,
        "alignWithLabel": true
      },
      "grid": {
        "lineStyle": {
          "stroke": "#E9E9E9",
          "lineWidth": 1,
          "lineDash": [
            3,
            3
          ]
        },
        "hideFirstLine": true
      }
    },
    "radius": {
      "zIndex": 0,
      "label": {
        "offset": 12,
        "textStyle": {
          "fill": "#545454",
          "fontSize": 12,
          "textBaseline": "middle",
          "lineHeight": 20,
          "fontFamily": "\"-apple-system\", BlinkMacSystemFont, \"Segoe UI\", Roboto,\"Helvetica Neue\", Helvetica, \"PingFang SC\", \"Hiragino Sans GB\", \"Microsoft YaHei\",SimSun, \"sans-serif\""
        }
      },
      "line": {
        "lineWidth": 1,
        "stroke": "#BFBFBF"
      },
      "tickLine": {
        "lineWidth": 1,
        "stroke": "#BFBFBF",
        "length": 4,
        "alignWithLabel": true
      },
      "grid": {
        "lineStyle": {
          "stroke": "#E9E9E9",
          "lineWidth": 1,
          "lineDash": [
            3,
            3
          ]
        },
        "type": "circle"
      }
    },
    "helix": {
      "label": null,
      "title": null,
      "line": {
        "lineWidth": 1,
        "stroke": "#BFBFBF"
      },
      "tickLine": {
        "lineWidth": 1,
        "length": 4,
        "stroke": "#BFBFBF",
        "alignWithLabel": true
      },
      "grid": {
        "lineStyle": {
          "stroke": "#E9E9E9",
          "lineWidth": 1
        },
        "type": "circle"
      }
    }
  },
  "label": {
    "offset": 20,
    "textStyle": {
      "fill": "#545454",
      "fontSize": 12,
      "textBaseline": "middle",
      "fontFamily": "\"-apple-system\", BlinkMacSystemFont, \"Segoe UI\", Roboto,\"Helvetica Neue\", Helvetica, \"PingFang SC\", \"Hiragino Sans GB\", \"Microsoft YaHei\",SimSun, \"sans-serif\""
    }
  },
  "treemapLabels": {
    "offset": 10,
    "textStyle": {
      "fill": "#fff",
      "fontSize": 12,
      "textBaseline": "top",
      "fontStyle": "bold",
      "fontFamily": "\"-apple-system\", BlinkMacSystemFont, \"Segoe UI\", Roboto,\"Helvetica Neue\", Helvetica, \"PingFang SC\", \"Hiragino Sans GB\", \"Microsoft YaHei\",SimSun, \"sans-serif\""
    }
  },
  "innerLabels": {
    "textStyle": {
      "fill": "#fff",
      "fontSize": 12,
      "textBaseline": "middle",
      "fontFamily": "\"-apple-system\", BlinkMacSystemFont, \"Segoe UI\", Roboto,\"Helvetica Neue\", Helvetica, \"PingFang SC\", \"Hiragino Sans GB\", \"Microsoft YaHei\",SimSun, \"sans-serif\""
    }
  },
  "thetaLabels": {
    "labelLine": {
      "lineWidth": 1
    },
    "labelHeight": 14,
    "offset": 30
  },
  "legend": {
    "right": {
      "position": "right",
      "layout": "vertical",
      "itemMarginBottom": 8,
      "width": 16,
      "height": 156,
      "title": null,
      "textStyle": {
        "fill": "#8C8C8C",
        "fontSize": 12,
        "textAlign": "start",
        "textBaseline": "middle",
        "lineHeight": 20,
        "fontFamily": "\"-apple-system\", BlinkMacSystemFont, \"Segoe UI\", Roboto,\"Helvetica Neue\", Helvetica, \"PingFang SC\", \"Hiragino Sans GB\", \"Microsoft YaHei\",SimSun, \"sans-serif\""
      },
      "unCheckColor": "#bfbfbf"
    },
    "left": {
      "position": "left",
      "layout": "vertical",
      "itemMarginBottom": 8,
      "width": 16,
      "height": 156,
      "title": null,
      "textStyle": {
        "fill": "#8C8C8C",
        "fontSize": 12,
        "textAlign": "start",
        "textBaseline": "middle",
        "lineHeight": 20,
        "fontFamily": "\"-apple-system\", BlinkMacSystemFont, \"Segoe UI\", Roboto,\"Helvetica Neue\", Helvetica, \"PingFang SC\", \"Hiragino Sans GB\", \"Microsoft YaHei\",SimSun, \"sans-serif\""
      },
      "unCheckColor": "#bfbfbf"
    },
    "top": {
      "position": "top",
      "offset": 6,
      "layout": "horizontal",
      "title": null,
      "itemGap": 10,
      "width": 156,
      "height": 16,
      "textStyle": {
        "fill": "#8C8C8C",
        "fontSize": 12,
        "textAlign": "start",
        "textBaseline": "middle",
        "lineHeight": 20,
        "fontFamily": "\"-apple-system\", BlinkMacSystemFont, \"Segoe UI\", Roboto,\"Helvetica Neue\", Helvetica, \"PingFang SC\", \"Hiragino Sans GB\", \"Microsoft YaHei\",SimSun, \"sans-serif\""
      },
      "unCheckColor": "#bfbfbf"
    },
    "bottom": {
      "position": "bottom",
      "offset": 6,
      "layout": "horizontal",
      "title": null,
      "itemGap": 10,
      "width": 156,
      "height": 16,
      "textStyle": {
        "fill": "#8C8C8C",
        "fontSize": 12,
        "textAlign": "start",
        "textBaseline": "middle",
        "lineHeight": 20,
        "fontFamily": "\"-apple-system\", BlinkMacSystemFont, \"Segoe UI\", Roboto,\"Helvetica Neue\", Helvetica, \"PingFang SC\", \"Hiragino Sans GB\", \"Microsoft YaHei\",SimSun, \"sans-serif\""
      },
      "unCheckColor": "#bfbfbf"
    },
    "html": {
      "g2-legend": {
        "height": "auto",
        "width": "auto",
        "position": "absolute",
        "overflow": "auto",
        "fontSize": "12px",
        "fontFamily": "\"-apple-system\", BlinkMacSystemFont, \"Segoe UI\", Roboto,\"Helvetica Neue\", Helvetica, \"PingFang SC\", \"Hiragino Sans GB\", \"Microsoft YaHei\",SimSun, \"sans-serif\"",
        "lineHeight": "20px",
        "color": "#8C8C8C"
      },
      "g2-legend-title": {
        "marginBottom": "4px"
      },
      "g2-legend-list": {
        "listStyleType": "none",
        "margin": 0,
        "padding": 0
      },
      "g2-legend-list-item": {
        "cursor": "pointer",
        "marginBottom": "5px",
        "marginRight": "24px"
      },
      "g2-legend-marker": {
        "width": "9px",
        "height": "9px",
        "borderRadius": "50%",
        "display": "inline-block",
        "marginRight": "8px",
        "verticalAlign": "middle"
      }
    },
    "gradient": {
      "textStyle": {
        "fill": "#8C8C8C",
        "fontSize": 12,
        "textAlign": "center",
        "textBaseline": "middle",
        "lineHeight": 20,
        "fontFamily": "\"-apple-system\", BlinkMacSystemFont, \"Segoe UI\", Roboto,\"Helvetica Neue\", Helvetica, \"PingFang SC\", \"Hiragino Sans GB\", \"Microsoft YaHei\",SimSun, \"sans-serif\""
      },
      "lineStyle": {
        "lineWidth": 1,
        "stroke": "#fff"
      },
      "unCheckColor": "#bfbfbf"
    },
    "margin": [
      0,
      20,
      24,
      5
    ],
    "legendMargin": 24
  },
  "tooltip": {
    "crosshairs": false,
    "offset": 15,
    "g2-tooltip": {
      "position": "absolute",
      "visibility": "hidden",
      "zIndex": 8,
      "transition": "visibility 0.2s cubic-bezier(0.23, 1, 0.32, 1), left 0.4s cubic-bezier(0.23, 1, 0.32, 1), top 0.4s cubic-bezier(0.23, 1, 0.32, 1)",
      "backgroundColor": "rgba(255, 255, 255, 0.9)",
      "boxShadow": "0px 0px 10px #aeaeae",
      "borderRadius": "3px",
      "color": "rgb(87, 87, 87)",
      "fontSize": "12px",
      "fontFamily": "\"-apple-system\", BlinkMacSystemFont, \"Segoe UI\", Roboto,\"Helvetica Neue\", Helvetica, \"PingFang SC\", \"Hiragino Sans GB\", \"Microsoft YaHei\",SimSun, \"sans-serif\"",
      "lineHeight": "20px",
      "padding": "10px 10px 6px 10px"
    },
    "g2-tooltip-title": {
      "marginBottom": "4px"
    },
    "g2-tooltip-list": {
      "margin": 0,
      "listStyleType": "none",
      "padding": 0
    },
    "g2-tooltip-list-item": {
      "marginBottom": "4px"
    },
    "g2-tooltip-marker": {
      "width": "5px",
      "height": "5px",
      "borderRadius": "50%",
      "display": "inline-block",
      "marginRight": "8px"
    },
    "g2-tooltip-value": {
      "display": "inline-block",
      "float": "right",
      "marginLeft": "30px"
    }
  },
  "tooltipMarker": {
    "stroke": "#fff",
    "shadowBlur": 8,
    "shadowOffsetX": 0,
    "shadowOffSetY": 0,
    "radius": 4
  },
  "tooltipCrosshairsRect": {
    "type": "rect",
    "style": {
      "fill": "#CCD6EC",
      "opacity": 0.3
    }
  },
  "tooltipCrosshairsLine": {
    "style": {
      "stroke": "rgba(0, 0, 0, 0.25)",
      "lineWidth": 1
    }
  },
  "shape": {
    "point": {
      "lineWidth": 1,
      "fill": "#1890FF",
      "radius": 4
    },
    "hollowPoint": {
      "fill": "#fff",
      "lineWidth": 1,
      "stroke": "#1890FF",
      "radius": 3
    },
    "interval": {
      "lineWidth": 0,
      "fill": "#1890FF",
      "fillOpacity": 0.85
    },
    "hollowInterval": {
      "fill": "#fff",
      "stroke": "#1890FF",
      "fillOpacity": 0,
      "lineWidth": 2
    },
    "area": {
      "lineWidth": 0,
      "fill": "#1890FF",
      "fillOpacity": 0.3
    },
    "polygon": {
      "lineWidth": 0,
      "fill": "#1890FF",
      "fillOpacity": 1
    },
    "hollowPolygon": {
      "fill": "#fff",
      "stroke": "#1890FF",
      "fillOpacity": 0,
      "lineWidth": 2
    },
    "hollowArea": {
      "fill": "#fff",
      "stroke": "#1890FF",
      "fillOpacity": 0,
      "lineWidth": 2
    },
    "line": {
      "stroke": "#1890FF",
      "lineWidth": 2,
      "fill": null
    },
    "edge": {
      "stroke": "#1890FF",
      "lineWidth": 1,
      "fill": null
    },
    "schema": {
      "stroke": "#1890FF",
      "lineWidth": 1,
      "fill": null
    }
  },
  "guide": {
    "line": {
      "lineStyle": {
        "stroke": "#1890FF",
        "lineDash": [
          0,
          2,
          2
        ],
        "lineWidth": 1
      },
      "text": {
        "position": "end",
        "autoRotate": true,
        "style": {
          "fill": "#545454",
          "fontSize": 12,
          "textAlign": "center",
          "fontFamily": "\"-apple-system\", BlinkMacSystemFont, \"Segoe UI\", Roboto,\"Helvetica Neue\", Helvetica, \"PingFang SC\", \"Hiragino Sans GB\", \"Microsoft YaHei\",SimSun, \"sans-serif\""
        }
      }
    },
    "text": {
      "style": {
        "fill": "#545454",
        "fontSize": 12,
        "textBaseline": "middle",
        "textAlign": "start",
        "fontFamily": "\"-apple-system\", BlinkMacSystemFont, \"Segoe UI\", Roboto,\"Helvetica Neue\", Helvetica, \"PingFang SC\", \"Hiragino Sans GB\", \"Microsoft YaHei\",SimSun, \"sans-serif\""
      }
    },
    "region": {
      "style": {
        "lineWidth": 0,
        "fill": "#000",
        "fillOpacity": 0.04
      }
    },
    "html": {
      "alignX": "middle",
      "alignY": "middle"
    }
  },
  "pixelRatio": null
}